2017-12-07 20:26:57,RT @coll3enshanahan: If the girl in my class could get through her presentation after her nudes on Google Drive were projected to the whole‚Ä¶
2017-12-07 20:26:57,RT @CBSNews: Chance the Rapper surprised children in Chicago by crashing a 5th grade classroom and then announcing to the whole school that‚Ä¶
2017-12-07 20:26:56,#GamesIndustry  Google Play: Gender bias in mobile gaming needs to change https://t.co/XRSEL1M1iG
2017-12-07 20:26:56,Hey @Google #jerusalem is the capital of Palestine üáµüá∏ unless you don‚Äôt give a fuck about 6000000 Palestinians
2017-12-07 20:26:56,"RT @SweaterpawsChim: let him live üòÇ
https://t.co/CI5WRU3XIN
https://t.co/Ao1Sjy3DEk https://t.co/7E3B5dPiNM"
2017-12-07 20:26:56,"The best Google's doodle üëèüëèüëè

#GoodAfternoon #Google #Doodle #Rabbit‚Ä¶ https://t.co/cMQE6DbKHU"
2017-12-07 20:26:56,"RT @cjwerleman: A Hindu extremist films himself hacking a Muslim Indian with a machete, pouring gasoline on him, and burning him to death.‚Ä¶"
2017-12-07 20:26:56,RT @CBSNews: Chance the Rapper surprised children in Chicago by crashing a 5th grade classroom and then announcing to the whole school that‚Ä¶
2017-12-07 20:26:55,RT @CBSNews: Chance the Rapper surprised children in Chicago by crashing a 5th grade classroom and then announcing to the whole school that‚Ä¶
2017-12-07 20:26:55,RT @CBSNews: Chance the Rapper surprised children in Chicago by crashing a 5th grade classroom and then announcing to the whole school that‚Ä¶
2017-12-07 20:26:55,RT @coll3enshanahan: If the girl in my class could get through her presentation after her nudes on Google Drive were projected to the whole‚Ä¶
2017-12-07 20:26:55,"RT @Gizer_Gaming: Check out the latest updates to the Gizer mobile app!üî•üì±üïπÔ∏è

iOS: https://t.co/qS8t6Hk7eD ‚Ä¶ 
Android: https://t.co/4Q5aDuL4‚Ä¶"
2017-12-07 20:26:54,haha thats how u bypass crediting people just screenshot google images results
2017-12-07 20:26:54,RT @CBSNews: Chance the Rapper surprised children in Chicago by crashing a 5th grade classroom and then announcing to the whole school that‚Ä¶
2017-12-07 20:26:53,Google v Amazon: YouTube app pulled from Fire TV and Echo Show https://t.co/fpYhvzZsar
2017-12-07 20:26:53,RT @CBSNews: Chance the Rapper surprised children in Chicago by crashing a 5th grade classroom and then announcing to the whole school that‚Ä¶
2017-12-07 20:26:52,RT @CBSNews: Chance the Rapper surprised children in Chicago by crashing a 5th grade classroom and then announcing to the whole school that‚Ä¶
2017-12-07 20:26:52,"Google Reboots Android Security, Rolls Out Android Go https://t.co/dRyRjL5BXb"
2017-12-07 20:26:52,"@MittRomney @RaFibroWarrior And for anyone who wants to see the depth of this hypocrisy, google JEFF PERRY. Amazing"
2017-12-07 20:26:52,Snorlax ‚ôÇ Zen Headbutt/Heavy Slam (IV: 40% - CP: 969 - L: 11 until 03:56:37pm. https://t.co/Yid5kdpGzN
2017-12-07 20:26:51,"Free eBook: Advanced Reporting In Moodle &amp; Totara, With Lambda Zoola https://t.co/bw0fxYe8Ij https://t.co/xMfKf0TG30"
2017-12-07 20:26:51,RT @chancetherapper: Today @Google funded coding classes for 20 schools on the south and west sides. God bless everyone involved. Thank you.
2017-12-07 20:26:51,"RT @TajinderBagga: Pic 1- Surat's Gopi Talav 2012 ( Google Earth)
Pic 2- Surat's Gopi Talav 2017 ( Google Earth)
Pic 3 &amp; 4 Pics are slap on‚Ä¶"
2017-12-07 20:26:51,Download Free Bitcoin Spinner. Earn Bitcoin for FREE! https://t.co/CpCvbd7y28
2017-12-07 20:26:51,"The 5th chapter is online (I'm starting to add illustrations). Google translator will be your friend :D

Quinto cap‚Ä¶ https://t.co/xzlHM5h0Bf"
2017-12-07 20:26:50,"RT @RWPUSA: The tape is real and it's gross. But even worse, this is about the 100th time he has lied in office. He is a liar. https://t.co‚Ä¶"
2017-12-07 20:26:50,"RT @Google: Introducing CHANGE THE GAME, a @GooglePlay initiative to celebrate and empower women in mobile gaming ‚Üí https://t.co/fs1fykWeyy‚Ä¶"
2017-12-07 20:26:50,"RT @SEGAForever: Take to the streets! Streets of Rage is now available for free on iOS and Android!

Grab it here ü§úüí• https://t.co/ws1VzMTTp‚Ä¶"
2017-12-07 20:26:50,"DOJ Demotes Official Over Trump Dossier Contacts... - https://t.co/CXCz6458gd
#DraintheSwamp"
2017-12-07 20:26:49,"RT @itsdannyg: Appears #PsychTheMovie will have digital release as it did for the series itself. Should be available after USA airs.

Amazo‚Ä¶"
2017-12-07 20:26:49,RT @CBSNews: Chance the Rapper surprised children in Chicago by crashing a 5th grade classroom and then announcing to the whole school that‚Ä¶
2017-12-07 20:26:49,Using google tour guide to create our guided tour of our vocabulary https://t.co/KR6eAABr90
2017-12-07 20:26:49,RT @CBSNews: Chance the Rapper surprised children in Chicago by crashing a 5th grade classroom and then announcing to the whole school that‚Ä¶
2017-12-07 20:26:48,"@albertoimx @SamsungMobile @googlephotos I store on both SD and Google ,best of both worlds when 3/4 G signal is poor at best."
2017-12-07 20:26:48,&lt;b&gt;Mediterranean diet&lt;/b&gt; macronutrient ratio: OLIVE OIL . on their protein content alone‚Ä¶ https://t.co/rh0OZUKTTU
2017-12-07 20:26:48,RT @coll3enshanahan: If the girl in my class could get through her presentation after her nudes on Google Drive were projected to the whole‚Ä¶
2017-12-07 20:26:48,SAY LESS lemme google dez niggas number https://t.co/m2zDb6TPPN
2017-12-07 20:26:48,"RT @CCSTorg: If you can‚Äôt make it to our #CAleg #CCSTBriefing on #HepatitisA now in Rm 2040, download our CCST One Pager: https://t.co/z9Qe‚Ä¶"
2017-12-07 20:26:48,&lt;b&gt;Mediterranean&lt;/b&gt; physical features: The Greek people's physical Mediterranean climate‚Ä¶ https://t.co/N1THLVx0Pn
2017-12-07 20:26:48,RT @CBSNews: Chance the Rapper surprised children in Chicago by crashing a 5th grade classroom and then announcing to the whole school that‚Ä¶
2017-12-07 20:26:47,RT @coll3enshanahan: If the girl in my class could get through her presentation after her nudes on Google Drive were projected to the whole‚Ä¶
2017-12-07 20:26:47,"RT @CCSands14: Real professional learning &amp; sharing! Mr Wagman takes PA Day sharing from @YBtheCYC, creates Google Draw mind map activity,‚Ä¶"
2017-12-07 20:26:47,RT @coll3enshanahan: If the girl in my class could get through her presentation after her nudes on Google Drive were projected to the whole‚Ä¶
2017-12-07 20:26:47,"My Twitter worth is: $966.00

Find yours with https://t.co/JSlqAsMMIA

. https://t.co/7MY7uck986"
2017-12-07 20:26:47,RT @CBSNews: Chance the Rapper surprised children in Chicago by crashing a 5th grade classroom and then announcing to the whole school that‚Ä¶
2017-12-07 20:26:46,"Raid on Ho-Oh on 60 Owairaka Ave, Mount Albert!!! Available until 10:13:43 (46m 56s). https://t.co/hosmootkGs"
2017-12-07 20:26:46,"RT @Nurses4E: https://t.co/oGkwys7M4S

Brexit risks leaving UK with 20,000 shortfall in nurses by 2020."
2017-12-07 20:26:46,RT @Essence: .@ChanceTheRapper's youth charity foundation 'SocialWorks' receives a $1 million grant from Google. https://t.co/d6jGD4bJNM ht‚Ä¶
2017-12-07 20:26:46,RT @BeyondProf: Want your career story featured on our blog? Submit a Transition Q&amp;A and tell us about yourself #phdchat #careerdev https:/‚Ä¶
2017-12-07 20:26:46,"@sofiapekridi @btsinbloom Buy on iTunes or Google play store. Or use music streaming apps like Spotify, Naver music etc."
2017-12-07 20:26:46,"""As he came to me I bit him. I just remember a noise and blood pouring into my mouth."" https://t.co/BH7Ze8pya0"
2017-12-07 20:26:46,"@hamrahrama it just came through on my ""cannibal restaurant"" google alert"
2017-12-07 20:26:45,RT @CBSNews: Chance the Rapper surprised children in Chicago by crashing a 5th grade classroom and then announcing to the whole school that‚Ä¶
2017-12-07 20:26:45,"Status of:

Duets: Open! (‡πë‚óïÔ∏µ‚óï‡πë)
Collabs: Open! (‚úø¬¥ Íí≥ ` )
Requests (Mixing, Editing, Etc.): Closed! (‡πë‚óïÔ∏µ‚óï‡πë)
Commiss‚Ä¶ https://t.co/SH1tYFsThy"
2017-12-07 20:26:44,RT @CBSNews: Chance the Rapper surprised children in Chicago by crashing a 5th grade classroom and then announcing to the whole school that‚Ä¶
2017-12-07 20:26:44,unknown: Croconaw TTH: 12:56:43pm [29m 59s] https://t.co/QnfPSW9Nou | https://t.co/JvpOClVBiZ
2017-12-07 20:26:44,RT @coll3enshanahan: If the girl in my class could get through her presentation after her nudes on Google Drive were projected to the whole‚Ä¶
2017-12-07 20:26:44,"RT @TheHalesNyx: ‚ú¨ RT PLS ‚ú¨ USA/CAN QUANTITY SURVEY ‚ú¨ 
üçºMilkteeth Jimin Doll by @milkteeth_jm 
‚û≥$24 USD
‚û≥closing 12/31
‚û≥details &amp; order for‚Ä¶"
2017-12-07 20:26:44,RT @coll3enshanahan: If the girl in my class could get through her presentation after her nudes on Google Drive were projected to the whole‚Ä¶
2017-12-07 20:26:44,"RT @nonideefixe: Hi folks, please spend 79p to buy /gift this single. It's a wee Xmas giggle and it would be amusing to see it chart! pleas‚Ä¶"
2017-12-07 20:26:44,RT @WisDPITech: #CSFirst by Google is a fun and free way for students to learn code. Join thousands teaching computer science now: https://‚Ä¶
2017-12-07 20:26:43,This is how and when I will die https://t.co/a7JqGEIAZ5
2017-12-07 20:26:41,RT @Partisangirl: If u care about Christianity u shld care about #TrumpJerusalem  decision because it has hurt Palestine‚Äôs Christians. http‚Ä¶
2017-12-07 20:26:41,"Green Car Congress: Ford and Alibaba explore strategic collaboration to reimagine vehicle ownership experience, exp‚Ä¶ https://t.co/W2y3iNcE9O"
2017-12-07 20:26:41,RT @JackDireStudios: Go here or send them here: https://t.co/6DWtDCRKNQ https://t.co/rz1IETx3nb
2017-12-07 20:26:41,RT @coll3enshanahan: If the girl in my class could get through her presentation after her nudes on Google Drive were projected to the whole‚Ä¶
2017-12-07 20:26:40,"RT @KennyUltimateX: üéÑFirst Single: Two Of UsüéÅ

‚ùÑÔ∏èiTunes‚òÉÔ∏è
https://t.co/alCNUvoWkg

‚ùÑÔ∏èGoogle‚òÉÔ∏è
https://t.co/8L91RzbvPG

‚ùÑÔ∏èYoutube‚òÉÔ∏è
https://‚Ä¶"
2017-12-07 20:26:40,"I liked a @YouTube video https://t.co/ZIpWGMAelV USB Killer vs Google Pixel 2, iPhone 8/X Fake &amp; More! Instant Death?"
2017-12-07 20:26:40,RT @coll3enshanahan: If the girl in my class could get through her presentation after her nudes on Google Drive were projected to the whole‚Ä¶
2017-12-07 20:26:40,"RT @1984Mikae: @JCTheResistance @DevinNunes @DevinNunes you're going down buddy. 

https://t.co/q47OGoRTW9"
2017-12-07 20:26:39,RT @CBSNews: Chance the Rapper surprised children in Chicago by crashing a 5th grade classroom and then announcing to the whole school that‚Ä¶
2017-12-07 20:26:39,took a 2 second google search to know this is a fake story. stop https://t.co/tWJ3gUkTJz
2017-12-07 20:26:39,@NielsGBC @stephenniem Google. It's a commonly known fact.
2017-12-07 20:26:38,RT @coll3enshanahan: If the girl in my class could get through her presentation after her nudes on Google Drive were projected to the whole‚Ä¶
2017-12-07 20:26:38,RT @coll3enshanahan: If the girl in my class could get through her presentation after her nudes on Google Drive were projected to the whole‚Ä¶
2017-12-07 20:26:38,RT @ghelmy: Amazon can help change Newark -- and should  https://t.co/0rUvImAqEl
2017-12-07 20:26:38,RT @chancetherapper: Today @Google funded coding classes for 20 schools on the south and west sides. God bless everyone involved. Thank you.
2017-12-07 20:26:38,take my quiz for business https://t.co/jQUv5zQwbe
2017-12-07 20:26:38,RT @TDG_1: CSR: GOOGLE helps unlock Autism‚Äôs secrets by @geoff_deweaver on @LinkedIn https://t.co/NJZGX1tbMy #CSR #leadership https://t.co/‚Ä¶
2017-12-07 20:26:38,RT @coll3enshanahan: If the girl in my class could get through her presentation after her nudes on Google Drive were projected to the whole‚Ä¶
2017-12-07 20:26:37,Larvitar ‚ôÄ Rock Smash/Ancient Power (IV: 53% - CP: 298 - L: 13 until 03:55:50pm. https://t.co/kfVsng45N1
2017-12-07 20:26:37,RT @pkittle: Teachers ‚Äî Please help out my student with a survey about reading practices in your classes! Please RT @pennykittle @KellyGToG‚Ä¶
2017-12-07 20:26:37,"RT @sarahzhang: How do you quickly teach AI to analyze DNA? Well, turn it into an image recognition problem https://t.co/CgRF6JwoDw https:/‚Ä¶"
2017-12-07 20:26:37,"Apply now: https://t.co/mckpKKPmCn
#TREE18 #ParticipantsRecruitment
#AndroidifyYourWorld #Google https://t.co/JePXQybtg0"
2017-12-07 20:26:37,RT @coll3enshanahan: If the girl in my class could get through her presentation after her nudes on Google Drive were projected to the whole‚Ä¶
2017-12-07 20:26:36,East Grove: Larvitar ‚ôÇ til 12:56:28(29m 50s). https://t.co/ndjojVboZG
2017-12-07 20:26:36,RT @thomaspower: Yes we could fund a universal basic income #UBI with the data we give away to Facebook and Google https://t.co/HWGtuLMDPb‚Ä¶
2017-12-07 20:26:36,"RT @olgaNYC1211: Wow!! Doubt of Americans participating in Winter Olympics

Is this part of @realDonaldTrump bullshit ‚ÄòAmerica First‚Äô

Trum‚Ä¶"
2017-12-07 20:26:35,RT @coll3enshanahan: If the girl in my class could get through her presentation after her nudes on Google Drive were projected to the whole‚Ä¶
2017-12-07 20:26:35,RT @RevealedSPA: Can you complete this form I made about Hardwell &amp; Revealed 2017 (it's so short)? RT's to spread are apreciated üôè https://‚Ä¶
2017-12-07 20:26:35,RT @coll3enshanahan: If the girl in my class could get through her presentation after her nudes on Google Drive were projected to the whole‚Ä¶
2017-12-07 20:26:35,RT @chancetherapper: Today @Google funded coding classes for 20 schools on the south and west sides. God bless everyone involved. Thank you.
2017-12-07 20:26:33,W Elk Grove: ‚ôÄGeodude 97.8% (15/14/15) 782CP L23 Rock Throw/Rock Slide until 12:56:02 (29m 28s) https://t.co/daKxIIocqF
2017-12-07 20:26:33,RT @CBSNews: Chance the Rapper surprised children in Chicago by crashing a 5th grade classroom and then announcing to the whole school that‚Ä¶
2017-12-07 20:26:33,How to Use Google Maps Offline on Android: There are other tools available for offline maps. Some like maps.me or‚Ä¶
2017-12-07 20:26:32,"üìà ""Europa League"" is trending today on Google Singapore (1000+ searches) https://t.co/911WNxgxWP"
2017-12-07 20:26:32,Have You Thanked an Academic Today? 3 Studies That Offer Lessons for Entrepreneurs About the ... https://t.co/fYfiLRYTun
2017-12-07 20:26:32,RT @theRE100: #RE100 members have just heard all about this on one of our webinars with #theBRC @RockyMtnInst Congratulations to @AkzoNobel‚Ä¶
2017-12-07 20:26:32,N Highlands: ‚ôÄPikachu 95.6% (15/14/14) 601CP L27 Thunder Shock/Discharge until 12:52:46 (26m 14s) https://t.co/BngUXIi8Dy
2017-12-07 20:26:31,Lincoln International Hires Chief Marketing Officer https://t.co/0TM6RmpVWj
2017-12-07 20:26:31,RT @chancetherapper: Today @Google funded coding classes for 20 schools on the south and west sides. God bless everyone involved. Thank you.
2017-12-07 20:26:31,RT @CBSNews: Chance the Rapper surprised children in Chicago by crashing a 5th grade classroom and then announcing to the whole school that‚Ä¶
2017-12-07 20:26:31,RT @coll3enshanahan: If the girl in my class could get through her presentation after her nudes on Google Drive were projected to the whole‚Ä¶
2017-12-07 20:26:31,RT @coll3enshanahan: If the girl in my class could get through her presentation after her nudes on Google Drive were projected to the whole‚Ä¶
2017-12-07 20:45:28,The One Deadly Pet Toy You Need to Avoid Giving Your Dog https://t.co/hUJ1AxdYPj But next time you head to the pet‚Ä¶ https://t.co/qNDkA744cf
2017-12-07 20:45:28,Forrester names VMware a leader in enterprise mobility management https://t.co/lxfNAzQaor #SAAS
2017-12-07 20:45:28,Two Vulnerabilities Patched in OpenSSL - The OpenSSL Project announced on Thursday the availability of OpenSSL 1.0.‚Ä¶ https://t.co/L8MHhIWuQO
2017-12-07 20:45:28,RT @Essence: .@ChanceTheRapper's youth charity foundation 'SocialWorks' receives a $1 million grant from Google. https://t.co/d6jGD4bJNM ht‚Ä¶
2017-12-07 20:45:28,AlphaZero needs to be put on things like fixing our politics and climate change.  https://t.co/uy9rRbKDgM
2017-12-07 20:45:27,RT @coll3enshanahan: If the girl in my class could get through her presentation after her nudes on Google Drive were projected to the whole‚Ä¶
2017-12-07 20:45:27,RT @coll3enshanahan: If the girl in my class could get through her presentation after her nudes on Google Drive were projected to the whole‚Ä¶
2017-12-07 20:45:27,"@MusclesMurphy @CEOJebailey and in turn makes it easier for people to turn a blind eye to crime for cash.

CONCURRE‚Ä¶ https://t.co/tjKTeTDtdB"
2017-12-07 20:45:26,"@mzkali If u can forward Any specific info on this, it would be appreciated. üôèüèø. Gonna google this when I get home"
2017-12-07 20:45:26,RT @kottke: Google's AI program that bested Go learned chess in just four hours &amp; then crushed the world's best chess engine https://t.co/v‚Ä¶
2017-12-07 20:45:26,RT @coll3enshanahan: If the girl in my class could get through her presentation after her nudes on Google Drive were projected to the whole‚Ä¶
2017-12-07 20:45:26,RT @coll3enshanahan: If the girl in my class could get through her presentation after her nudes on Google Drive were projected to the whole‚Ä¶
2017-12-07 20:45:26,RT @chancetherapper: Today @Google funded coding classes for 20 schools on the south and west sides. God bless everyone involved. Thank you.
2017-12-07 20:45:25,RT @coll3enshanahan: If the girl in my class could get through her presentation after her nudes on Google Drive were projected to the whole‚Ä¶
2017-12-07 20:45:25,"@DayGloChainsaw Hell if I know, Google it? üòÆ"
2017-12-07 20:45:25,RT @Annaleen: @mims here's the latest on the google raters https://t.co/AVLnQlxEeW
2017-12-07 20:45:25,RT @SingingMonsters: On the second Day of Yay my Monsters gave to me a chance to WIN a $100 Google Play Gift Card. Follow us and retweet th‚Ä¶
2017-12-07 20:45:25,"My New Year's Kiss is going to be: @Moorinyan

Find yours at https://t.co/t2bX9iijZE

. https://t.co/SNnyNz7b8U"
2017-12-07 20:45:25,An Actionable Plan For Exploding Your Business https://t.co/Rrex1UjJYe
2017-12-07 20:45:24,@TIME I wonder if the woman in the article is one of the people who purchased the counterfeit solar eclipse https://t.co/LVVa4gl6oi‚Ä¶
2017-12-07 20:45:24,40 years of Page Six: The ridiculous side of &lt;b&gt;celebrity&lt;/b&gt; https://t.co/26Kjbt3oyO
2017-12-07 20:45:24,"My New Year's Kiss is going to be: @kidsinlve

Find yours at https://t.co/Pju3mm4c2Y

. https://t.co/ioXQh3drK1"
2017-12-07 20:45:24,Real estate startup Compass secures largest real estate tech investment in US history https://t.co/vNyr5qIWo1
2017-12-07 20:45:23,RT @backlon: Dear everybody who boohoo‚Äôd people who were sad about the death of Google Reader and the decline of RSS for news consumption b‚Ä¶
2017-12-07 20:45:23,RT @SingingMonsters: On the second Day of Yay my Monsters gave to me a chance to WIN a $100 Google Play Gift Card. Follow us and retweet th‚Ä¶
2017-12-07 20:45:23,"RT @MooreSenate: Anti-Roy Moore ad, designed to intimidate voters, removed by Google at the request of the Alabama Secretary of State.

The‚Ä¶"
2017-12-07 20:45:23,@ReaperFGC @PlayDead_ @ALLCAPSGOONIE @OakiessTwitch @aaron_baldwin97 @BelialRus @FGC_Theo @PNDOmegaK I mean you can‚Ä¶ https://t.co/kRrAabXWqJ
2017-12-07 20:45:23,UMB startup Harpoon Medical acquired for $100 million https://t.co/PLrFHtCJdP
2017-12-07 20:45:23,RT @coll3enshanahan: If the girl in my class could get through her presentation after her nudes on Google Drive were projected to the whole‚Ä¶
2017-12-07 20:45:22,"RT @MooreSenate: Anti-Roy Moore ad, designed to intimidate voters, removed by Google at the request of the Alabama Secretary of State.

The‚Ä¶"
2017-12-07 20:45:22,"My New Year's Kiss is going to be: @A19xii

Find yours at https://t.co/8Bq9DBI3Nh

. https://t.co/l8TMXGnuFk"
2017-12-07 20:45:22,RT @CBSNews: Chance the Rapper surprised children in Chicago by crashing a 5th grade classroom and then announcing to the whole school that‚Ä¶
2017-12-07 20:45:22,Women's lifestyle startup Tara&amp;Co brings on board advisory council https://t.co/GZgEUcLJxZ
2017-12-07 20:45:22,@KokonoeRosalina @BigHairyMarty @JaxtonWheeler WOW HUGE MISUNDERSTANDING. In the same way that Googling something i‚Ä¶ https://t.co/iAJjlSgEaZ
2017-12-07 20:45:21,"RT @100mildolares: My twitter family:
Parents: @darkmarckk @kingkike011
Spouse: @rubicornio
Children: @tenhofame @kimkartrasshian

via http‚Ä¶"
2017-12-07 20:45:21,RT @CBSNews: Chance the Rapper surprised children in Chicago by crashing a 5th grade classroom and then announcing to the whole school that‚Ä¶
2017-12-07 20:45:21,"RT @StansofKPOP: Here is the current UPDATED spreadsheet!!!! PLEASEEEEEEEE message me if your name is not on the list, so I can fix it. htt‚Ä¶"
2017-12-07 20:45:21,"My New Year's Kiss is going to be: @ThatQueenAja

Find yours at https://t.co/hBIDwkEo6W

. https://t.co/jLBYF6INlU"
2017-12-07 20:45:21,"RT @SweaterpawsChim: let him live üòÇ
https://t.co/CI5WRU3XIN
https://t.co/Ao1Sjy3DEk https://t.co/7E3B5dPiNM"
2017-12-07 20:45:21,RT @coll3enshanahan: If the girl in my class could get through her presentation after her nudes on Google Drive were projected to the whole‚Ä¶
2017-12-07 20:45:21,RT @coll3enshanahan: If the girl in my class could get through her presentation after her nudes on Google Drive were projected to the whole‚Ä¶
2017-12-07 20:45:21,@treyrns üòÇ your google is broken g
2017-12-07 20:45:21,Crytek partners with new startup to launch cryptocurrency for games https://t.co/4CuLwainYl
2017-12-07 20:45:21,"My New Year's Kiss is going to be: @sweetestsonic

Find yours at https://t.co/n6lzYx8UQV

. https://t.co/BUdi5l4Fcw"
2017-12-07 20:45:20,Jean Kipp completed the quest Terrifying Mask! https://t.co/spxbq2MBO6 https://t.co/Yi6NBlwMdS
2017-12-07 20:45:20,Kubeflow ‚Äì Machine Learning Toolkit for Kubernetes https://t.co/Vu37aF2ncx via ycombinator
2017-12-07 20:45:20,An Actionable Plan For Exploding Your Business https://t.co/gY2SmIBeRo
2017-12-07 20:45:20,RT @coll3enshanahan: If the girl in my class could get through her presentation after her nudes on Google Drive were projected to the whole‚Ä¶
2017-12-07 20:45:20,RT @CBSNews: Chance the Rapper surprised children in Chicago by crashing a 5th grade classroom and then announcing to the whole school that‚Ä¶
2017-12-07 20:45:19,RT @coll3enshanahan: If the girl in my class could get through her presentation after her nudes on Google Drive were projected to the whole‚Ä¶
2017-12-07 20:45:19,RT @Essence: .@ChanceTheRapper's youth charity foundation 'SocialWorks' receives a $1 million grant from Google. https://t.co/d6jGD4bJNM ht‚Ä¶
2017-12-07 20:45:18,Mid City: Pinsir ‚ôÄ til 13:15:02(29m 42s). https://t.co/GemqUrVIQT
2017-12-07 20:45:18,"RT @seungmnis: [ENG SUB] Stray Kids - EP. 8 (by @seungmnis &amp; @hyunjinisbae)

DM: https://t.co/sPAfjRIwfQ
GDRIVE: https://t.co/qP7DD6eNKI
ST‚Ä¶"
2017-12-07 20:45:18,"I'll just update my Android...oh wait...I can't because its not a Nexus....
Android security alert: Google's latest‚Ä¶ https://t.co/y3vEfg5RMU"
2017-12-07 20:45:18,RT @chancetherapper: Today @Google funded coding classes for 20 schools on the south and west sides. God bless everyone involved. Thank you.
2017-12-07 20:45:18,"RT @carlquintanilla: Believe it or not, this is only the 2nd most popular GIF of the year.

(via @GIPHY @Adweek)
https://t.co/Yi5KWGAYrf ht‚Ä¶"
2017-12-07 20:45:17,Pope Francis prays for Honduras as election crisis turns deadly https://t.co/YmwlujibVH
2017-12-07 20:45:17,RT @cjwerleman: Google immediately gets behind Trump's validation of an Israeli war crime. https://t.co/kLgqZEZGfC
2017-12-07 20:45:17,RT @chancetherapper: Today @Google funded coding classes for 20 schools on the south and west sides. God bless everyone involved. Thank you.
2017-12-07 20:45:17,"RT @SweaterpawsChim: let him live üòÇ
https://t.co/CI5WRU3XIN
https://t.co/Ao1Sjy3DEk https://t.co/7E3B5dPiNM"
2017-12-07 20:45:17,5 Best #SEO Tools for Checking Google Keyword Rankings: https://t.co/xIOjTz578G #smallbusiness #SMB #smallbiz #website
2017-12-07 20:45:16,Very cool: @Google launches #data-saving #app in #SouthAfrica https://t.co/ZQosV7v3G9 #ICT4D #m4d #globaldev #mobile #tech
2017-12-07 20:45:16,Google search results are becoming your firm‚Äôs new ‚Äòhome page‚Äô - 3 tools to use NiftyLaw https://t.co/62yLOk7hub https://t.co/vfdyOwsXTS
2017-12-07 20:45:16,RT @coll3enshanahan: If the girl in my class could get through her presentation after her nudes on Google Drive were projected to the whole‚Ä¶
2017-12-07 20:45:16,Q&amp;A: Microsoft bigwig sketches plans for Kubernetes on Azure https://t.co/v1KUtNzsaP
2017-12-07 20:45:16,RT @coll3enshanahan: If the girl in my class could get through her presentation after her nudes on Google Drive were projected to the whole‚Ä¶
2017-12-07 20:45:16,"RT @math_rachel: Google image search for CEO only returns 1 woman, CEO Barbie (bottom right)
@katecrawford #NIPS2017 https://t.co/aVHHRkXtmP"
2017-12-07 20:45:15,Learn '5 Ways to Get Your Local #Business Ranking on Page One of #Google Fast' https://t.co/FiIaLiiHSm #LocalMarketing #LocalBusiness
2017-12-07 20:45:15,RT @cjwerleman: Google immediately gets behind Trump's validation of an Israeli war crime. https://t.co/kLgqZEZGfC
2017-12-07 20:45:15,Open source suicide: This 3D-printable 'death pod' provides painless euthanasia https://t.co/GSJTJ4Dkjq
2017-12-07 20:45:15,RT @TrishKing6: #12daysTwitter Day3 @NotabilityApp @DoInkTweets Google Forms &amp; Sheets. #doink
2017-12-07 20:45:15,"Angry cubes play it for free 
#gamedev #indiedev #indiegamedev #indiegame #indiegames #buildbox
#Android #free #f2p‚Ä¶ https://t.co/4T2X6WiKjY"
2017-12-07 20:45:15,"@NoSleepTilOslo Lykke til!
.
.
.
.
Brought to you by Google translate, because I don't speak Norwegian..."
2017-12-07 20:45:15,RT @coll3enshanahan: If the girl in my class could get through her presentation after her nudes on Google Drive were projected to the whole‚Ä¶
2017-12-07 20:45:15,RT @coll3enshanahan: If the girl in my class could get through her presentation after her nudes on Google Drive were projected to the whole‚Ä¶
2017-12-07 20:45:14,Open Source Biolab Uses 3D Bioprinting Platform to Fabricate Complex Earlobe Vasculature https://t.co/u18kAIOnU2
2017-12-07 20:45:14,"Social network data: Twitter vs FB vs Google vs everyone else
https://t.co/z4Jj1ZoUBw"
2017-12-07 20:45:14,"Check out @StogiieSantana's new single ""5"" distributed by @DistroKid and live on Google Play! https://t.co/Jsf33klYa3"
2017-12-07 20:45:14,"RT @TajinderBagga: Pic 1- Surat's Gopi Talav 2012 ( Google Earth)
Pic 2- Surat's Gopi Talav 2017 ( Google Earth)
Pic 3 &amp; 4 Pics are slap on‚Ä¶"
2017-12-07 20:45:14,"RT @mims: Google employs an army of 10,000 humans to ensure its search algorithm works properly -- and none of them are full time employees‚Ä¶"
2017-12-07 20:45:14,RT @coll3enshanahan: If the girl in my class could get through her presentation after her nudes on Google Drive were projected to the whole‚Ä¶
2017-12-07 20:45:14,RT @coll3enshanahan: If the girl in my class could get through her presentation after her nudes on Google Drive were projected to the whole‚Ä¶
2017-12-07 20:45:13,RT @coll3enshanahan: If the girl in my class could get through her presentation after her nudes on Google Drive were projected to the whole‚Ä¶
2017-12-07 20:45:13,Normal Heights: Flaaffy ‚ôÄ til 13:14:17(29m 2s). https://t.co/TTJha6p0eT
2017-12-07 20:45:13,Get this e-book and learn how to design and build projects with Arduino https://t.co/Xcbnw074G2
2017-12-07 20:45:13,RT @coll3enshanahan: If the girl in my class could get through her presentation after her nudes on Google Drive were projected to the whole‚Ä¶
2017-12-07 20:45:13,Inland Encinitas: Mareep ‚ôÇ til 13:14:54(29m 39s). https://t.co/ANc7hzgzUE
2017-12-07 20:45:13,RT @TDataScience: Google‚Äôs researchers have taught machine-learning software to build machine-learning software #machinelearning #AI @Googl‚Ä¶
2017-12-07 20:45:13,RT @coll3enshanahan: If the girl in my class could get through her presentation after her nudes on Google Drive were projected to the whole‚Ä¶
2017-12-07 20:45:12,Can a Blockchain-powered Search Engine Take On a Leviathan Like Google? https://t.co/hngYwx8wmC
2017-12-07 20:45:12,Fighting everything in me to not google why I have pain in my right arm cos I know it's just gonna tell me I'm dyin
2017-12-07 20:45:12,RT @CBSNews: Chance the Rapper surprised children in Chicago by crashing a 5th grade classroom and then announcing to the whole school that‚Ä¶
2017-12-07 20:45:12,RT @coll3enshanahan: If the girl in my class could get through her presentation after her nudes on Google Drive were projected to the whole‚Ä¶
2017-12-07 20:45:11,when in a meeting you're told to share your last google search and you realize it was tekashi 6ix9ine ü§îüôè
2017-12-07 20:45:11,"Microsoft, Amazon and Facebook launch new deep learning toolkit https://t.co/Yzfoi2461d"
2017-12-07 20:45:11,Halsey Hoists 'Bad at Love' to No. 1 on Dance Club Songs Chart https://t.co/PjA7tl0lLu #panfurradio #edm
2017-12-07 20:45:10,"#SignUp for #LettersFromLinda #Newsletter.
#NewFeature, @LJWriter   is including a short story.
New subscribers sig‚Ä¶ https://t.co/MJ6vsv07MA"
2017-12-07 20:45:10,How Google AdWords (PPC) Does and Doesn't Affect Organic Results via @moz https://t.co/0bigL9Je2K
2017-12-07 20:45:10,"#WeLoveLA #Lakers LeBron James Buys Second Mansion In Los Angeles, Further Fueling Free Agency Rumors‚Ä¶ https://t.co/3uBSMY0uwO"
2017-12-07 20:45:10,CLINTON PAID STRATEGISTS TO ELEVATE TRUMP. Walker Bragman Exposes DNC Consultants https://t.co/PfMF4HgQhx
2017-12-07 20:45:10,"RT @voteforjongin: On-going votes for Kai üíõ

Photocard:
https://t.co/9qAA4N6OpW

Idol champ:
https://t.co/TYH6tpqPKt

topstarzine:
https://‚Ä¶"
2017-12-07 20:45:10,#WeLoveLA #Lakers Los Angeles Lakers enter make or break part of season https://t.co/fOpEvC1esx #SportsRoadhouse
2017-12-07 20:45:10,RT @coll3enshanahan: If the girl in my class could get through her presentation after her nudes on Google Drive were projected to the whole‚Ä¶
2017-12-07 20:45:10,Google is gearing up for the holidays by allowing room for more product info and boosting the mobile experience. Ar‚Ä¶ https://t.co/TKwiBCbfv9
2017-12-07 20:45:09,"RT @wendyperriam: Enforced idleness is truly terrifying. I've been ill the last 10 days and, at the same time, lost all access to Google &amp;‚Ä¶"
2017-12-07 20:45:09,#WeLoveLA #Lakers Rob Pelinka Aware Lakers Need To Improve 3-Point Shooting https://t.co/noc05Ej0nD #SportsRoadhouse
2017-12-07 20:45:09,@Trib_ed_board Have your writers Google godwins law and then take another crack at this.
2017-12-07 20:45:09,"RT @laparisa: Want to be on the bleeding edge of @googlechrome sandboxing?

Check out Site Isolation: https://t.co/FBMzcahgRr

If you run i‚Ä¶"
2017-12-07 20:45:09,"RT @gsuite: Control your Slides presentations on any device, remotely with this browser extension ‚Üì
https://t.co/eyg1EfzbQN"
2017-12-07 20:45:09,"As promised, Google is killing off Chrome Apps everywhere but Chrome OS https://t.co/cVMDAnOeeb https://t.co/oDR23YoBNl"
2017-12-07 20:45:09,"RT @JamesJo76415286: The Guardian: Pakistan? No, home is south London, Sadiq Khan tells BBC reporter. https://t.co/C1ENY3y9nG No! Home is s‚Ä¶"
2017-12-07 20:45:09,@Harry_Styles Google Tradutor top
2017-12-07 20:45:09,#WeLoveLA #LAC #Clippers Mike Riley returns to Beavers as assistant coach https://t.co/pyjnVqQeI4 #SportsRoadhouse
2017-12-07 20:45:09,"As promised, Google is killing off Chrome Apps everywhere but Chrome OS https://t.co/j3PF8U1Sfu https://t.co/p7oFGwKDv0"
2017-12-07 20:45:09,via customer engagement strategies - Google News https://t.co/1BYZC1fcUO
2017-12-07 20:45:09,RT @coll3enshanahan: If the girl in my class could get through her presentation after her nudes on Google Drive were projected to the whole‚Ä¶
2017-12-07 20:45:08,Migos x Marshmello's ‚ÄúDanger‚Äù is Out Now https://t.co/rr7Xz2AyWI #panfurradio #edm
2017-12-07 20:45:08,"#WeLoveLA #LAC #Clippers Wolves' Towns produces rare, special stat line https://t.co/F645panUvZ #SportsRoadhouse"
2017-12-07 20:45:08,"MINI Will Only Sell Electric Cars In The U.S., Canada: MINI is struggling in North America, and that could force it‚Ä¶ https://t.co/KUDfVxqtuL"
2017-12-07 20:45:08,Kali Uchis Feat. Snoop Dogg @KALIUCHIS @SnoopDogg - On Edge (Clean) Android App: https://t.co/byMycYEJ2p
2017-12-07 20:45:08,4 concerts to catch in the Washington area: Dec. 8-14 https://t.co/8YID70AeV1 #panfurradio #edm
2017-12-07 20:45:08,RT @coll3enshanahan: If the girl in my class could get through her presentation after her nudes on Google Drive were projected to the whole‚Ä¶
2017-12-07 20:45:08,#WeLoveLA #LAC #Clippers Austin Rivers scores 20 again as Clippers fall to Wolves https://t.co/3ANVsYCnV1 #SportsRoadhouse
2017-12-07 20:45:08,RT @coll3enshanahan: If the girl in my class could get through her presentation after her nudes on Google Drive were projected to the whole‚Ä¶
2017-12-07 20:45:08,via robotics - Google News https://t.co/m9mlMf8hXI
2017-12-07 20:45:08,Blvk Sheep and Far &amp; Few ‚Äì Pop [Free Download] https://t.co/NPLO3RRI2Z #panfurradio #edm
2017-12-07 20:45:07,Your &lt;b&gt;EDM&lt;/b&gt; Premiere: Break Science ‚Äì Lift Ourselves Above [BIG BEAT‚Ä¶ https://t.co/z20dy7Ia0W #panfurradio #edm
2017-12-07 20:45:07,#WeLoveLA #LAC #Clippers Lou Williams scores 23 points off Clippers' bench in loss https://t.co/uChvqDMFIM #SportsRoadhouse
2017-12-07 20:45:07,If you have an event you would like me to mention tomorrow when I go live make sure you fill out this form! I'll be‚Ä¶ https://t.co/blauveROBl
2017-12-07 20:45:07,"Discover the magic of rich content + social media promotion. Just Google our business name to find out! Oh, and get‚Ä¶ https://t.co/ofJCCXLPc5"
2017-12-07 20:45:07,Real-time map of Los Angeles wildfires and effected areas https://t.co/Jft9ACx2Nh
2017-12-07 20:45:07,RT @coll3enshanahan: If the girl in my class could get through her presentation after her nudes on Google Drive were projected to the whole‚Ä¶
2017-12-07 20:45:07,"#WeLoveLA #LAC #Clippers LA Clippers come up short at home against the Minnesota Timberwolves, 113-107‚Ä¶ https://t.co/doKnUsKyOh"
2017-12-07 20:45:07,RT @CBSNews: Chance the Rapper surprised children in Chicago by crashing a 5th grade classroom and then announcing to the whole school that‚Ä¶
2017-12-07 20:45:07,"CALLING ALL ARTISTS! @OZNashville seeks artists of all kinds (musicians, vocalists, poets, dancers, actors, visual‚Ä¶ https://t.co/EaH0er2yrH"
2017-12-07 20:45:07,"@AjitPaiFCC ... why do you say there's no evidence of foul play before 2015?

https://t.co/mKJPDpBcdg"
2017-12-07 20:45:07,RT @CBSNews: Chance the Rapper surprised children in Chicago by crashing a 5th grade classroom and then announcing to the whole school that‚Ä¶
2017-12-07 20:45:06,RT @DanBoutinGNV: How Does Google Rank Websites? ¬∑ Web It 101 https://t.co/aehk2BxCCk via @webit101
2017-12-07 20:45:06,Google or Firefox
2017-12-07 20:45:06,RT @neilpatel: How to Score a Perfect 100% on Google PageSpeed Insights https://t.co/fTo7FU4gF6   #SOMARK https://t.co/mVcRey3zGz
2017-12-07 20:45:06,"For most small businesses, half the battle is getting seen. To help, here are our tips on getting your business ran‚Ä¶ https://t.co/ExBsXGlPfo"
2017-12-07 20:45:05,"#SOCIAL #MEDIA #INFLUENCER
As a SOCIAL MEDIA MANAGER/INFLUENCER, I oversee a client's social media activity on plat‚Ä¶ https://t.co/rYg5zeWUDl"
2017-12-07 20:45:05,RT @coll3enshanahan: If the girl in my class could get through her presentation after her nudes on Google Drive were projected to the whole‚Ä¶
2017-12-07 20:45:05,"RT @PersuasivePR: 10/ Two great places to read more re: Koch's influence over Pence -&amp; thus, policy, are https://t.co/TwLJ9sNhHa. and https‚Ä¶"
2017-12-07 20:45:05,"Meet new people, chat, find your soulmate, flirt! ‚ô• https://t.co/2nfR7h46ev #chat #webcam #snapchat #videochat‚Ä¶ https://t.co/mpJW6mpuL6"
2017-12-07 20:45:05,[Greater Duwamish] Hitmontop (M) (IV: 46% - CP: 392) until 01:14:51PM at 5602 5th Ave S https://t.co/wJlT4CxUBW https://t.co/8DMtf5sWaC
2017-12-07 20:45:05,"RT @SplashFM1055: Countdown to the first AlakoweTaxi Ride in Ibadan on the 11th of December 2017. 

ALAKOWE TAXI'S OFFICIAL App is now live‚Ä¶"
2017-12-07 20:45:04,"RT @BTS_Billboard: STREAM @BTS_twt's ‚ÄúMIC Drop (feat. Desiigner) [Steve Aoki Remix]‚Äù on :

üî∏Spotify:¬†https://t.co/ZiBN3aSk9y

üî∏Apple Music:‚Ä¶"
2017-12-07 20:45:04,"RT @techworkersco: ""Amazon lords over desperate cities, while Google owns entire urban districts, Bill Gates builds his own smart city, and‚Ä¶"
2017-12-07 20:45:04,"My New Year's Kiss is going to be: @cnash469

Find yours at https://t.co/apXO9FIEII"
2017-12-07 20:45:04,"RT @Bahaushee: While we are on the street singing and dancing sai Baba in Kano, somebody's private school in Lagos was approved. Somebody i‚Ä¶"
2017-12-07 20:45:04,[Bulimba] Vaporeon (M) (IV: 20% - CP: 1691) until 07:14:45AM at 41 Waterline Cres https://t.co/dD0nI9nhX3 https://t.co/ZpFZLVJkEG
2017-12-07 20:45:04,RT @Partisangirl: Christians of Palestine burn images of #trump over his #jerusalem decision. Just in time for Christmas . #MAGA https://t.‚Ä¶
2017-12-07 20:45:04,[Magnolia] Togetic (M) (IV: 46% - CP: 853) until 01:14:39PM at 2926 28th Ave W https://t.co/fGTHQScPb8 https://t.co/nBXCd3lDAA
2017-12-07 20:45:04,RT @Critter249: Toddler's Sweat Jacket Hoodie Gazellen size 9-12Mo  Baby https://t.co/uGUMwqr5rv via @Etsy #hoodie #handmade #etsy #clothin‚Ä¶
2017-12-07 20:45:03,"Check out my new single ""5"" distributed by @DistroKid and live on Google Play! https://t.co/kEL6ZHv7p2"
2017-12-07 20:45:03,"BlackBerry, Qualcomm expand connected car partnership https://t.co/qndyNoHWvW (Google News)"
2017-12-07 20:45:03,Open online PPF account at ICICI Bank; Here's how you can do it https://t.co/i9mJG7IfkK
2017-12-07 20:45:03,[Weston] Meganium (F) (IV: 77% - CP: 852) until 04:14:16PM at 1765 Weston Rd https://t.co/yUp2vhldOc https://t.co/ioM72gxqAG
2017-12-07 20:45:03,[Lutwyche] Feraligatr (M) (IV: 62% - CP: 1327) until 07:14:25AM at 88 Stoneleigh St https://t.co/LqwEuLSazd https://t.co/q3IOszEKDc
2017-12-07 20:45:03,RT @CBSNews: Chance the Rapper surprised children in Chicago by crashing a 5th grade classroom and then announcing to the whole school that‚Ä¶
2017-12-07 20:45:03,Narni: Italy's inspiration for the magical realm of C. S. Lewis https://t.co/mhy3MyWc0K
2017-12-07 20:45:02,Cybersecurity concerns surround the promise of driverless cars https://t.co/qs2WAoLqhn #driverless #car #tech
2017-12-07 20:45:02,RT @CBSNews: Chance the Rapper surprised children in Chicago by crashing a 5th grade classroom and then announcing to the whole school that‚Ä¶
2017-12-07 20:45:02,In the antebellum United States  a white person just sold a black person's parent. https://t.co/6CttpDJIMJ
2017-12-07 20:45:02,"RT @Fwiz: We just launched a new feature here at @Google. When you search for tournaments on https://t.co/rvUOBLsjPI, we will direct you to‚Ä¶"
2017-12-07 20:45:02,This was made with code. Try it yourself! https://t.co/JsdVosWqig #santatracker #codeasnowflake
2017-12-07 20:45:02,Ohio's Rob Portman will help resolve final details in tax plan https://t.co/WjCydJ6q6K
2017-12-07 20:45:02,"Worth Watching Stocks on the Run: Alphabet Inc., (NASDAQ: GOOGL), Entercom Communications ...: The GOOGL is trading‚Ä¶ https://t.co/D29hNaCmdZ"
2017-12-07 20:45:02,[Westside] Forretress (F)  until 03:10:58PM at 10372 Briar Forest Dr https://t.co/OyMwDgPHLf https://t.co/3bX6awmxJ5
2017-12-07 20:45:02,[Flushing] Blastoise (M) (IV: 46% - CP: 1625) until 04:14:29PM at 61-23 75th St https://t.co/jy21g031TD https://t.co/mjBDaWUKJI
2017-12-07 20:45:02,RT @indiantweeter: Hindu boy and Muslim girl killed by Girl‚Äôs Islamist parents for falling in love. No outrage because A Hindu died too.‚Ä¶
2017-12-07 20:45:02,[Highland Creek] Togetic (M) (IV: 31% - CP: 384) until 04:14:02PM at 1366 Military Trail https://t.co/5J0ooaAYnK https://t.co/b0jOghVWdI
2017-12-07 20:45:02,Porygon(IV: 48% - CP: 275) until 01:14:14PM at 3759 Redwood St https://t.co/KbqPsJJup3 https://t.co/K0bwlPKwfS
2017-12-07 20:45:02,Chk 'em out -&amp;gt;@LTCartoons #affordable #funny #offbeatcartoon #posters are Google #1 ranked‚Ä¶ https://t.co/5u2YtXFeV4
2017-12-07 20:45:02,RT @coll3enshanahan: If the girl in my class could get through her presentation after her nudes on Google Drive were projected to the whole‚Ä¶
2017-12-07 20:45:02,RT @coll3enshanahan: If the girl in my class could get through her presentation after her nudes on Google Drive were projected to the whole‚Ä¶
2017-12-07 20:45:02,North Carolina County refuses to pay ransom to hackers that interfered with government computer system. https://t.co/H0mtSql8W6
2017-12-07 20:45:01,"RT @InfoNebeus: Have you heard? Nebeus is ranked among top three Bitcoin lenders. We‚Äôve taken leading positions in Google, Bing, Yahoo and‚Ä¶"
2017-12-07 20:45:01,"My twitter family:
Parents: @mouthsinblossom @xpMystic
Spouse: @acciojackie
Children: @APOLLO_X_ @GamerAdvanced_

v‚Ä¶ https://t.co/3VddUHsaxa"
2017-12-07 20:45:01,"RT @BTS_Billboard: ARMY, keep BUYING @BTS_twt's ""MIC Drop (feat. Desiigner) [Steve Aoki Remix]"" on:

üî∏iTunes: (https://t.co/OUOxHzgYWF) 

üî∏‚Ä¶"
2017-12-07 20:45:01,"Whether you're a mapping novice or expert, we can help you deliver a seamless user experience and drive better busi‚Ä¶ https://t.co/4jSHbG42PY"
2017-12-07 20:45:01,RT @coll3enshanahan: If the girl in my class could get through her presentation after her nudes on Google Drive were projected to the whole‚Ä¶
